date,quality_rating
2026-08-11,RED
2026-08-12,RED
2026-08-13,YELLOW
2026-08-14,YELLOW
2026-08-15,YELLOW
2026-08-16,YELLOW
2026-08-17,YELLOW
2026-08-18,YELLOW
2026-08-19,GREEN
2026-08-20,GREEN
2026-08-21,GREEN
2026-08-22,GREEN
2026-08-23,GREEN
2026-08-24,GREEN
2026-08-25,GREEN
2026-08-26,GREEN
2026-08-27,YELLOW
2026-08-28,YELLOW
2026-08-29,YELLOW
2026-08-30,YELLOW
2026-08-31,YELLOW
2026-09-01,YELLOW
2026-09-02,YELLOW
2026-09-03,RED
2026-09-04,GREEN
2026-09-05,GREEN
2026-09-06,GREEN
2026-09-07,GREEN
2026-09-08,GREEN
2026-09-09,GREEN
2026-09-10,GREEN
2026-09-11,GREEN
2026-09-12,GREEN
2026-09-13,GREEN
2026-09-14,GREEN
2026-09-15,GREEN
2026-09-16,GREEN
2026-09-17,GREEN
2026-09-18,GREEN
2026-09-19,GREEN
2026-09-20,GREEN
2026-09-21,GREEN
2026-09-22,GREEN
2026-09-23,GREEN
2026-09-24,GREEN
2026-09-25,GREEN
2026-09-26,GREEN
2026-09-27,GREEN
